Format Version,1.23,Take Name,Take 2020-09-28 10.54.41 AM_004,Take Notes,,Capture Frame Rate,250.000000,Export Frame Rate,250.000000,Capture Start Time,2020-09-28 11.15.18.105 AM,Total Frames in Take,1030,Total Exported Frames,1030,Rotation Type,Quaternion,Length Units,Meters,Coordinate Space,Global

,Type,Marker,Marker,Marker
,Name,Unlabeled 1011,Unlabeled 1011,Unlabeled 1011
,ID,"C3BD0","C3BD0","C3BD0"
,,Position,Position,Position
Frame,Time (Seconds),X,Y,Z
0,0.000000,0.000060,0.000050,1.333302
1,0.004000,0.000072,0.000060,1.333296
2,0.008000,0.000050,0.000044,1.333287
3,0.012000,0.000082,0.000063,1.333295
4,0.016000,0.000079,0.000074,1.333288
5,0.020000,0.000083,0.000077,1.333300
6,0.024000,0.000059,0.000042,1.333290
7,0.028000,0.000077,0.000061,1.333294
8,0.032000,0.000058,0.000023,1.333308
9,0.036000,0.000043,0.000022,1.333278
10,0.040000,0.000057,0.000056,1.333281
11,0.044000,0.000055,0.000034,1.333272
12,0.048000,0.000074,0.000045,1.333295
13,0.052000,0.000060,0.000047,1.333300
14,0.056000,0.000068,0.000033,1.333290
15,0.060000,0.000100,0.000089,1.333302
16,0.064000,0.000074,0.000056,1.333280
17,0.068000,0.000071,0.000059,1.333309
18,0.072000,0.000069,0.000066,1.333291
19,0.076000,0.000084,0.000067,1.333286
20,0.080000,0.000070,0.000037,1.333300
21,0.084000,0.000070,0.000022,1.333291
22,0.088000,0.000099,0.000080,1.333285
23,0.092000,0.000090,0.000070,1.333288
24,0.096000,0.000094,0.000074,1.333301
25,0.100000,0.000089,0.000059,1.333294
26,0.104000,0.000084,0.000071,1.333304
27,0.108000,0.000063,0.000036,1.333298
28,0.112000,0.000064,0.000046,1.333294
29,0.116000,0.000048,0.000011,1.333277
30,0.120000,0.000039,0.000008,1.333283
31,0.124000,0.000090,0.000045,1.333289
32,0.128000,0.000092,0.000084,1.333295
33,0.132000,0.000058,0.000031,1.333284
34,0.136000,0.000095,0.000081,1.333285
35,0.140000,0.000120,0.000085,1.333294
36,0.144000,0.000086,0.000089,1.333292
37,0.148000,0.000090,0.000053,1.333279
38,0.152000,0.000113,0.000077,1.333285
39,0.156000,0.000067,0.000034,1.333290
40,0.160000,0.000081,0.000038,1.333279
41,0.164000,0.000044,0.000013,1.333287
42,0.168000,0.000062,0.000032,1.333292
43,0.172000,0.000083,0.000047,1.333297
44,0.176000,0.000099,0.000065,1.333272
45,0.180000,0.000099,0.000065,1.333294
46,0.184000,0.000084,0.000070,1.333285
47,0.188000,0.000097,0.000079,1.333303
48,0.192000,0.000100,0.000074,1.333286
49,0.196000,0.000075,0.000053,1.333292
50,0.200000,0.000058,0.000025,1.333289
51,0.204000,0.000080,0.000039,1.333273
52,0.208000,0.000068,0.000024,1.333264
53,0.212000,0.000104,0.000081,1.333291
54,0.216000,0.000085,0.000085,1.333293
55,0.220000,0.000112,0.000090,1.333290
56,0.224000,0.000086,0.000061,1.333301
57,0.228000,0.000113,0.000088,1.333286
58,0.232000,0.000092,0.000052,1.333289
59,0.236000,0.000066,0.000048,1.333275
60,0.240000,0.000040,0.000012,1.333281
61,0.244000,0.000091,0.000041,1.333273
62,0.248000,0.000062,0.000019,1.333271
63,0.252000,0.000117,0.000055,1.333282
64,0.256000,0.000110,0.000056,1.333267
65,0.260000,0.000112,0.000075,1.333280
66,0.264000,0.000085,0.000062,1.333282
67,0.268000,0.000126,0.000111,1.333301
68,0.272000,0.000084,0.000057,1.333283
69,0.276000,0.000101,0.000082,1.333292
70,0.280000,0.000081,0.000061,1.333284
71,0.284000,0.000105,0.000050,1.333277
72,0.288000,0.000094,0.000034,1.333276
73,0.292000,0.000064,0.000042,1.333295
74,0.296000,0.000096,0.000051,1.333261
75,0.300000,0.000062,0.000024,1.333276
76,0.304000,0.000078,0.000045,1.333290
77,0.308000,0.000090,0.000073,1.333272
78,0.312000,0.000101,0.000072,1.333297
79,0.316000,0.000109,0.000072,1.333276
80,0.320000,0.000075,0.000033,1.333273
81,0.324000,0.000078,0.000032,1.333286
82,0.328000,0.000110,0.000092,1.333279
83,0.332000,0.000065,0.000029,1.333275
84,0.336000,0.000084,0.000074,1.333286
85,0.340000,0.000071,0.000047,1.333284
86,0.344000,0.000109,0.000067,1.333290
87,0.348000,0.000122,0.000079,1.333272
88,0.352000,0.000062,0.000045,1.333282
89,0.356000,0.000065,0.000044,1.333281
90,0.360000,0.000056,0.000003,1.333281
91,0.364000,0.000090,0.000048,1.333270
92,0.368000,0.000055,0.000021,1.333284
93,0.372000,0.000068,0.000029,1.333280
94,0.376000,0.000053,0.000025,1.333287
95,0.380000,0.000067,0.000038,1.333298
96,0.384000,0.000079,0.000037,1.333299
97,0.388000,0.000113,0.000087,1.333292
98,0.392000,0.000102,0.000074,1.333299
99,0.396000,0.000100,0.000060,1.333296
100,0.400000,0.000082,0.000043,1.333266
101,0.404000,0.000063,0.000039,1.333287
102,0.408000,0.000078,0.000059,1.333295
103,0.412000,0.000083,0.000045,1.333283
104,0.416000,0.000069,0.000046,1.333282
105,0.420000,0.000071,0.000058,1.333300
106,0.424000,0.000077,0.000040,1.333300
107,0.428000,0.000082,0.000041,1.333285
108,0.432000,0.000063,0.000024,1.333287
109,0.436000,0.000090,0.000042,1.333295
110,0.440000,0.000059,0.000030,1.333288
111,0.444000,0.000067,0.000054,1.333288
112,0.448000,0.000099,0.000077,1.333287
113,0.452000,0.000111,0.000084,1.333304
114,0.456000,0.000083,0.000068,1.333292
115,0.460000,0.000092,0.000088,1.333296
116,0.464000,0.000117,0.000107,1.333320
117,0.468000,0.000100,0.000078,1.333287
118,0.472000,0.000083,0.000056,1.333298
119,0.476000,0.000031,0.000008,1.333285
120,0.480000,0.000075,0.000026,1.333275
121,0.484000,0.000039,-0.000013,1.333278
122,0.488000,0.000048,-0.000008,1.333266
123,0.492000,0.000065,0.000018,1.333278
124,0.496000,0.000094,0.000054,1.333310
125,0.500000,0.000075,0.000058,1.333304
126,0.504000,0.000098,0.000084,1.333304
127,0.508000,0.000112,0.000086,1.333304
128,0.512000,0.000115,0.000084,1.333314
129,0.516000,0.000081,0.000067,1.333294
130,0.520000,0.000084,0.000070,1.333283
131,0.524000,0.000062,0.000038,1.333290
132,0.528000,0.000061,0.000021,1.333292
133,0.532000,0.000084,0.000055,1.333312
134,0.536000,0.000079,0.000056,1.333293
135,0.540000,0.000050,0.000038,1.333288
136,0.544000,0.000100,0.000067,1.333295
137,0.548000,0.000081,0.000055,1.333297
138,0.552000,0.000096,0.000061,1.333284
139,0.556000,0.000088,0.000035,1.333285
140,0.560000,0.000063,0.000020,1.333272
141,0.564000,0.000077,0.000038,1.333290
142,0.568000,0.000079,0.000038,1.333284
143,0.572000,0.000068,0.000035,1.333302
144,0.576000,0.000142,0.000114,1.333323
145,0.580000,0.000122,0.000102,1.333304
146,0.584000,0.000115,0.000121,1.333293
147,0.588000,0.000076,0.000059,1.333293
148,0.592000,0.000103,0.000095,1.333291
149,0.596000,0.000084,0.000058,1.333289
150,0.600000,0.000055,0.000032,1.333291
151,0.604000,0.000034,0.000006,1.333275
152,0.608000,0.000037,-0.000012,1.333267
153,0.612000,0.000046,-0.000002,1.333278
154,0.616000,0.000043,-0.000008,1.333274
155,0.620000,0.000059,0.000034,1.333282
156,0.624000,0.000047,0.000033,1.333286
157,0.628000,0.000071,0.000045,1.333295
158,0.632000,0.000086,0.000070,1.333271
159,0.636000,0.000120,0.000086,1.333292
160,0.640000,0.000097,0.000061,1.333286
161,0.644000,0.000081,0.000043,1.333283
162,0.648000,0.000087,0.000064,1.333279
163,0.652000,0.000104,0.000082,1.333305
164,0.656000,0.000052,0.000024,1.333290
165,0.660000,0.000082,0.000054,1.333287
166,0.664000,0.000098,0.000059,1.333278
167,0.668000,0.000073,0.000046,1.333294
168,0.672000,0.000090,0.000045,1.333267
169,0.676000,0.000098,0.000054,1.333285
170,0.680000,0.000059,0.000031,1.333271
171,0.684000,0.000076,0.000011,1.333286
172,0.688000,0.000080,0.000032,1.333290
173,0.692000,0.000102,0.000050,1.333274
174,0.696000,0.000100,0.000062,1.333274
175,0.700000,0.000087,0.000051,1.333287
176,0.704000,0.000106,0.000083,1.333287
177,0.708000,0.000118,0.000074,1.333296
178,0.712000,0.000113,0.000082,1.333279
179,0.716000,0.000127,0.000091,1.333280
180,0.720000,0.000100,0.000070,1.333293
181,0.724000,0.000079,0.000049,1.333285
182,0.728000,0.000092,0.000058,1.333291
183,0.732000,0.000101,0.000068,1.333290
184,0.736000,0.000086,0.000037,1.333284
185,0.740000,0.000055,0.000018,1.333274
186,0.744000,0.000089,0.000048,1.333269
187,0.748000,0.000071,0.000040,1.333280
188,0.752000,0.000081,0.000071,1.333292
189,0.756000,0.000076,0.000050,1.333284
190,0.760000,0.000076,0.000048,1.333285
191,0.764000,0.000102,0.000065,1.333272
192,0.768000,0.000081,0.000070,1.333288
193,0.772000,0.000088,0.000040,1.333271
194,0.776000,0.000099,0.000061,1.333278
195,0.780000,0.000131,0.000094,1.333286
196,0.784000,0.000094,0.000060,1.333287
197,0.788000,0.000095,0.000063,1.333287
198,0.792000,0.000104,0.000065,1.333294
199,0.796000,0.000108,0.000080,1.333291
200,0.800000,0.000073,0.000041,1.333294
201,0.804000,0.000063,0.000023,1.333277
202,0.808000,0.000068,0.000009,1.333282
203,0.812000,0.000084,0.000056,1.333287
204,0.816000,0.000078,0.000014,1.333299
205,0.820000,0.000104,0.000074,1.333287
206,0.824000,0.000101,0.000074,1.333289
207,0.828000,0.000110,0.000077,1.333284
208,0.832000,0.000089,0.000083,1.333293
209,0.836000,0.000099,0.000061,1.333300
210,0.840000,0.000124,0.000082,1.333304
211,0.844000,0.000085,0.000040,1.333279
212,0.848000,0.000082,0.000056,1.333302
213,0.852000,0.000099,0.000050,1.333298
214,0.856000,0.000073,0.000043,1.333291
215,0.860000,0.000062,0.000024,1.333287
216,0.864000,0.000065,0.000028,1.333292
217,0.868000,0.000118,0.000073,1.333299
218,0.872000,0.000089,0.000037,1.333288
219,0.876000,0.000071,0.000012,1.333286
220,0.880000,0.000059,0.000004,1.333279
221,0.884000,0.000096,0.000047,1.333286
222,0.888000,0.000081,0.000053,1.333297
223,0.892000,0.000100,0.000053,1.333299
224,0.896000,0.000122,0.000084,1.333308
225,0.900000,0.000127,0.000091,1.333290
226,0.904000,0.000098,0.000079,1.333288
227,0.908000,0.000080,0.000066,1.333316
228,0.912000,0.000103,0.000065,1.333279
229,0.916000,0.000085,0.000052,1.333295
230,0.920000,0.000069,0.000029,1.333292
231,0.924000,0.000060,0.000023,1.333294
232,0.928000,0.000067,0.000025,1.333279
233,0.932000,0.000086,0.000027,1.333292
234,0.936000,0.000100,0.000060,1.333310
235,0.940000,0.000087,0.000052,1.333309
236,0.944000,0.000092,0.000037,1.333297
237,0.948000,0.000114,0.000084,1.333296
238,0.952000,0.000112,0.000067,1.333301
239,0.956000,0.000116,0.000061,1.333297
240,0.960000,0.000093,0.000071,1.333298
241,0.964000,0.000099,0.000052,1.333297
242,0.968000,0.000105,0.000061,1.333293
243,0.972000,0.000119,0.000073,1.333294
244,0.976000,0.000119,0.000081,1.333308
245,0.980000,0.000093,0.000064,1.333294
246,0.984000,0.000115,0.000071,1.333313
247,0.988000,0.000099,0.000064,1.333295
248,0.992000,0.000077,0.000045,1.333284
249,0.996000,0.000114,0.000074,1.333300
250,1.000000,0.000080,0.000043,1.333300
251,1.004000,0.000119,0.000067,1.333287
252,1.008000,0.000077,0.000032,1.333290
253,1.012000,0.000088,0.000037,1.333265
254,1.016000,0.000080,0.000029,1.333288
255,1.020000,0.000095,0.000057,1.333286
256,1.024000,0.000081,0.000061,1.333288
257,1.028000,0.000092,0.000067,1.333277
258,1.032000,0.000110,0.000075,1.333298
259,1.036000,0.000107,0.000064,1.333296
260,1.040000,0.000122,0.000097,1.333309
261,1.044000,0.000072,0.000025,1.333305
262,1.048000,0.000094,0.000050,1.333302
263,1.052000,0.000092,0.000052,1.333281
264,1.056000,0.000130,0.000086,1.333284
265,1.060000,0.000092,0.000055,1.333308
266,1.064000,0.000093,0.000056,1.333303
267,1.068000,0.000116,0.000071,1.333283
268,1.072000,0.000109,0.000067,1.333286
269,1.076000,0.000098,0.000064,1.333284
270,1.080000,0.000105,0.000044,1.333278
271,1.084000,0.000091,0.000044,1.333292
272,1.088000,0.000090,0.000053,1.333294
273,1.092000,0.000106,0.000066,1.333279
274,1.096000,0.000121,0.000078,1.333289
275,1.100000,0.000102,0.000065,1.333274
276,1.104000,0.000123,0.000080,1.333282
277,1.108000,0.000099,0.000059,1.333276
278,1.112000,0.000097,0.000060,1.333289
279,1.116000,0.000070,0.000035,1.333270
280,1.120000,0.000092,0.000031,1.333283
281,1.124000,0.000099,0.000059,1.333294
282,1.128000,0.000109,0.000050,1.333284
283,1.132000,0.000117,0.000072,1.333296
284,1.136000,0.000117,0.000070,1.333283
285,1.140000,0.000102,0.000064,1.333286
286,1.144000,0.000111,0.000086,1.333297
287,1.148000,0.000075,0.000064,1.333278
288,1.152000,0.000113,0.000083,1.333309
289,1.156000,0.000105,0.000056,1.333294
290,1.160000,0.000100,0.000066,1.333284
291,1.164000,0.000106,0.000058,1.333286
292,1.168000,0.000069,0.000043,1.333301
293,1.172000,0.000107,0.000069,1.333292
294,1.176000,0.000127,0.000054,1.333285
295,1.180000,0.000095,0.000047,1.333285
296,1.184000,0.000084,0.000045,1.333293
297,1.188000,0.000142,0.000123,1.333284
298,1.192000,0.000119,0.000090,1.333306
299,1.196000,0.000155,0.000101,1.333285
300,1.200000,0.000108,0.000054,1.333286
301,1.204000,0.000079,0.000051,1.333277
302,1.208000,0.000121,0.000067,1.333293
303,1.212000,0.000080,0.000028,1.333287
304,1.216000,0.000075,0.000025,1.333276
305,1.220000,0.000081,0.000035,1.333291
306,1.224000,0.000117,0.000078,1.333283
307,1.228000,0.000106,0.000058,1.333285
308,1.232000,0.000085,0.000047,1.333294
309,1.236000,0.000102,0.000079,1.333283
310,1.240000,0.000100,0.000061,1.333283
311,1.244000,0.000077,0.000044,1.333296
312,1.248000,0.000106,0.000065,1.333284
313,1.252000,0.000101,0.000051,1.333290
314,1.256000,0.000094,0.000061,1.333290
315,1.260000,0.000095,0.000062,1.333304
316,1.264000,0.000093,0.000051,1.333285
317,1.268000,0.000130,0.000087,1.333278
318,1.272000,0.000134,0.000088,1.333293
319,1.276000,0.000118,0.000060,1.333286
320,1.280000,0.000082,0.000041,1.333294
321,1.284000,0.000098,0.000056,1.333289
322,1.288000,0.000101,0.000060,1.333293
323,1.292000,0.000097,0.000057,1.333286
324,1.296000,0.000079,0.000024,1.333291
325,1.300000,0.000094,0.000061,1.333299
326,1.304000,0.000119,0.000083,1.333303
327,1.308000,0.000076,0.000053,1.333300
328,1.312000,0.000090,0.000062,1.333279
329,1.316000,0.000101,0.000073,1.333311
330,1.320000,0.000099,0.000083,1.333296
331,1.324000,0.000090,0.000065,1.333299
332,1.328000,0.000074,0.000048,1.333291
333,1.332000,0.000129,0.000082,1.333287
334,1.336000,0.000106,0.000069,1.333299
335,1.340000,0.000082,0.000057,1.333294
336,1.344000,0.000066,0.000045,1.333297
337,1.348000,0.000075,0.000042,1.333292
338,1.352000,0.000077,0.000040,1.333277
339,1.356000,0.000060,0.000029,1.333294
340,1.360000,0.000081,0.000034,1.333294
341,1.364000,0.000074,0.000046,1.333279
342,1.368000,0.000093,0.000067,1.333295
343,1.372000,0.000082,0.000025,1.333303
344,1.376000,0.000082,0.000058,1.333292
345,1.380000,0.000116,0.000084,1.333304
346,1.384000,0.000099,0.000079,1.333302
347,1.388000,0.000082,0.000072,1.333293
348,1.392000,0.000081,0.000061,1.333280
349,1.396000,0.000087,0.000047,1.333286
350,1.400000,0.000055,0.000030,1.333287
351,1.404000,0.000061,0.000048,1.333298
352,1.408000,0.000060,0.000023,1.333287
353,1.412000,0.000080,0.000038,1.333290
354,1.416000,0.000092,0.000054,1.333283
355,1.420000,0.000091,0.000058,1.333295
356,1.424000,0.000126,0.000064,1.333285
357,1.428000,0.000100,0.000065,1.333286
358,1.432000,0.000089,0.000067,1.333306
359,1.436000,0.000122,0.000088,1.333296
360,1.440000,0.000053,0.000040,1.333281
361,1.444000,0.000093,0.000080,1.333311
362,1.448000,0.000133,0.000103,1.333288
363,1.452000,0.000073,0.000057,1.333293
364,1.456000,0.000075,0.000038,1.333284
365,1.460000,0.000097,0.000057,1.333289
366,1.464000,0.000086,0.000053,1.333280
367,1.468000,0.000077,0.000030,1.333281
368,1.472000,0.000051,0.000002,1.333267
369,1.476000,0.000103,0.000056,1.333284
370,1.480000,0.000067,0.000030,1.333286
371,1.484000,0.000090,0.000060,1.333292
372,1.488000,0.000084,0.000049,1.333292
373,1.492000,0.000076,0.000042,1.333303
374,1.496000,0.000095,0.000047,1.333284
375,1.500000,0.000084,0.000054,1.333278
376,1.504000,0.000098,0.000069,1.333291
377,1.508000,0.000087,0.000066,1.333272
378,1.512000,0.000101,0.000065,1.333285
379,1.516000,0.000100,0.000055,1.333287
380,1.520000,0.000080,0.000049,1.333294
381,1.524000,0.000058,0.000033,1.333300
382,1.528000,0.000102,0.000063,1.333287
383,1.532000,0.000094,0.000049,1.333276
384,1.536000,0.000092,0.000066,1.333292
385,1.540000,0.000046,0.000019,1.333294
386,1.544000,0.000083,0.000037,1.333285
387,1.548000,0.000068,0.000044,1.333289
388,1.552000,0.000086,0.000063,1.333292
389,1.556000,0.000091,0.000059,1.333281
390,1.560000,0.000083,0.000058,1.333280
391,1.564000,0.000090,0.000048,1.333285
392,1.568000,0.000076,0.000058,1.333284
393,1.572000,0.000079,0.000066,1.333297
394,1.576000,0.000094,0.000074,1.333306
395,1.580000,0.000091,0.000048,1.333283
396,1.584000,0.000098,0.000065,1.333274
397,1.588000,0.000085,0.000055,1.333302
398,1.592000,0.000103,0.000066,1.333290
399,1.596000,0.000090,0.000050,1.333287
400,1.600000,0.000070,0.000022,1.333279
401,1.604000,0.000085,0.000049,1.333289
402,1.608000,0.000078,0.000036,1.333302
403,1.612000,0.000093,0.000048,1.333298
404,1.616000,0.000101,0.000077,1.333292
405,1.620000,0.000077,0.000058,1.333302
406,1.624000,0.000088,0.000098,1.333296
407,1.628000,0.000087,0.000081,1.333304
408,1.632000,0.000088,0.000064,1.333297
409,1.636000,0.000085,0.000070,1.333302
410,1.640000,0.000066,0.000052,1.333299
411,1.644000,0.000059,0.000018,1.333288
412,1.648000,0.000063,0.000030,1.333290
413,1.652000,0.000062,0.000030,1.333282
414,1.656000,0.000068,0.000029,1.333274
415,1.660000,0.000064,0.000041,1.333273
416,1.664000,0.000093,0.000070,1.333279
417,1.668000,0.000067,0.000073,1.333295
418,1.672000,0.000065,0.000044,1.333297
419,1.676000,0.000082,0.000068,1.333281
420,1.680000,0.000073,0.000055,1.333290
421,1.684000,0.000101,0.000074,1.333298
422,1.688000,0.000081,0.000046,1.333290
423,1.692000,0.000080,0.000061,1.333290
424,1.696000,0.000093,0.000071,1.333292
425,1.700000,0.000091,0.000064,1.333299
426,1.704000,0.000093,0.000082,1.333300
427,1.708000,0.000091,0.000075,1.333289
428,1.712000,0.000092,0.000065,1.333299
429,1.716000,0.000064,0.000047,1.333297
430,1.720000,0.000070,0.000025,1.333290
431,1.724000,0.000062,0.000040,1.333283
432,1.728000,0.000073,0.000045,1.333301
433,1.732000,0.000053,0.000030,1.333284
434,1.736000,0.000073,0.000042,1.333306
435,1.740000,0.000043,0.000037,1.333277
436,1.744000,0.000063,0.000039,1.333291
437,1.748000,0.000118,0.000093,1.333292
438,1.752000,0.000062,0.000042,1.333299
439,1.756000,0.000108,0.000068,1.333279
440,1.760000,0.000098,0.000085,1.333294
441,1.764000,0.000087,0.000072,1.333299
442,1.768000,0.000079,0.000071,1.333278
443,1.772000,0.000086,0.000068,1.333291
444,1.776000,0.000079,0.000054,1.333294
445,1.780000,0.000077,0.000060,1.333294
446,1.784000,0.000044,0.000011,1.333292
447,1.788000,0.000096,0.000048,1.333280
448,1.792000,0.000051,0.000020,1.333297
449,1.796000,0.000042,0.000017,1.333282
450,1.800000,0.000080,0.000052,1.333295
451,1.804000,0.000073,0.000051,1.333309
452,1.808000,0.000094,0.000068,1.333292
453,1.812000,0.000074,0.000044,1.333279
454,1.816000,0.000108,0.000081,1.333300
455,1.820000,0.000101,0.000075,1.333298
456,1.824000,0.000083,0.000057,1.333307
457,1.828000,0.000058,0.000028,1.333289
458,1.832000,0.000095,0.000072,1.333302
459,1.836000,0.000072,0.000044,1.333295
460,1.840000,0.000062,0.000036,1.333291
461,1.844000,0.000048,0.000018,1.333305
462,1.848000,0.000058,0.000055,1.333279
463,1.852000,0.000062,0.000027,1.333295
464,1.856000,0.000076,0.000041,1.333297
465,1.860000,0.000069,0.000042,1.333279
466,1.864000,0.000078,0.000048,1.333302
467,1.868000,0.000082,0.000044,1.333291
468,1.872000,0.000085,0.000051,1.333289
469,1.876000,0.000098,0.000060,1.333292
470,1.880000,0.000092,0.000071,1.333285
471,1.884000,0.000072,0.000038,1.333309
472,1.888000,0.000076,0.000047,1.333284
473,1.892000,0.000079,0.000064,1.333302
474,1.896000,0.000110,0.000072,1.333293
475,1.900000,0.000088,0.000062,1.333302
476,1.904000,0.000075,0.000049,1.333285
477,1.908000,0.000101,0.000079,1.333298
478,1.912000,0.000084,0.000048,1.333279
479,1.916000,0.000018,0.000016,1.333283
480,1.920000,0.000079,0.000030,1.333283
481,1.924000,0.000044,0.000010,1.333291
482,1.928000,0.000085,0.000046,1.333279
483,1.932000,0.000084,0.000054,1.333287
484,1.936000,0.000087,0.000066,1.333288
485,1.940000,0.000065,0.000037,1.333288
486,1.944000,0.000132,0.000112,1.333307
487,1.948000,0.000091,0.000085,1.333289
488,1.952000,0.000125,0.000113,1.333295
489,1.956000,0.000091,0.000054,1.333277
490,1.960000,0.000084,0.000051,1.333286
491,1.964000,0.000081,0.000049,1.333293
492,1.968000,0.000075,0.000041,1.333287
493,1.972000,0.000095,0.000058,1.333287
494,1.976000,0.000081,0.000053,1.333281
495,1.980000,0.000059,0.000032,1.333283
496,1.984000,0.000088,0.000079,1.333279
497,1.988000,0.000074,0.000066,1.333303
498,1.992000,0.000083,0.000028,1.333293
499,1.996000,0.000068,0.000030,1.333279
500,2.000000,0.000087,0.000051,1.333282
501,2.004000,0.000071,0.000045,1.333283
502,2.008000,0.000103,0.000076,1.333298
503,2.012000,0.000073,0.000070,1.333281
504,2.016000,0.000081,0.000062,1.333288
505,2.020000,0.000096,0.000064,1.333290
506,2.024000,0.000127,0.000105,1.333300
507,2.028000,0.000092,0.000071,1.333287
508,2.032000,0.000050,0.000034,1.333304
509,2.036000,0.000059,0.000026,1.333291
510,2.040000,0.000067,0.000019,1.333276
511,2.044000,0.000067,0.000023,1.333279
512,2.048000,0.000072,0.000030,1.333280
513,2.052000,0.000095,0.000051,1.333286
514,2.056000,0.000103,0.000063,1.333298
515,2.060000,0.000087,0.000059,1.333295
516,2.064000,0.000062,0.000040,1.333283
517,2.068000,0.000076,0.000061,1.333286
518,2.072000,0.000093,0.000077,1.333289
519,2.076000,0.000086,0.000048,1.333301
520,2.080000,0.000081,0.000048,1.333287
521,2.084000,0.000079,0.000041,1.333282
522,2.088000,0.000069,0.000034,1.333291
523,2.092000,0.000102,0.000076,1.333289
524,2.096000,0.000075,0.000059,1.333291
525,2.100000,0.000074,0.000046,1.333281
526,2.104000,0.000096,0.000074,1.333290
527,2.108000,0.000096,0.000065,1.333299
528,2.112000,0.000070,0.000063,1.333288
529,2.116000,0.000084,0.000056,1.333291
530,2.120000,0.000064,0.000036,1.333299
531,2.124000,0.000072,0.000024,1.333291
532,2.128000,0.000054,0.000032,1.333274
533,2.132000,0.000076,0.000034,1.333290
534,2.136000,0.000067,0.000029,1.333299
535,2.140000,0.000066,0.000019,1.333277
536,2.144000,0.000083,0.000047,1.333293
537,2.148000,0.000079,0.000035,1.333298
538,2.152000,0.000098,0.000070,1.333296
539,2.156000,0.000066,0.000055,1.333290
540,2.160000,0.000097,0.000085,1.333303
541,2.164000,0.000099,0.000063,1.333293
542,2.168000,0.000090,0.000066,1.333295
543,2.172000,0.000088,0.000085,1.333306
544,2.176000,0.000115,0.000096,1.333297
545,2.180000,0.000100,0.000092,1.333302
546,2.184000,0.000106,0.000075,1.333296
547,2.188000,0.000034,0.000012,1.333287
548,2.192000,0.000069,0.000036,1.333270
549,2.196000,0.000022,-0.000013,1.333264
550,2.200000,0.000057,0.000004,1.333289
551,2.204000,0.000031,-0.000016,1.333275
552,2.208000,0.000037,0.000017,1.333307
553,2.212000,0.000080,0.000044,1.333292
554,2.216000,0.000080,0.000054,1.333289
555,2.220000,0.000086,0.000085,1.333308
556,2.224000,0.000078,0.000088,1.333303
557,2.228000,0.000080,0.000081,1.333304
558,2.232000,0.000121,0.000096,1.333307
559,2.236000,0.000075,0.000069,1.333287
560,2.240000,0.000071,0.000059,1.333284
561,2.244000,0.000072,0.000051,1.333295
562,2.248000,0.000088,0.000071,1.333281
563,2.252000,0.000072,0.000041,1.333289
564,2.256000,0.000054,0.000035,1.333284
565,2.260000,0.000041,0.000020,1.333287
566,2.264000,0.000066,0.000033,1.333274
567,2.268000,0.000073,0.000043,1.333283
568,2.272000,0.000060,0.000043,1.333280
569,2.276000,0.000050,0.000021,1.333291
570,2.280000,0.000074,0.000042,1.333278
571,2.284000,0.000074,0.000041,1.333291
572,2.288000,0.000064,0.000044,1.333284
573,2.292000,0.000076,0.000064,1.333291
574,2.296000,0.000081,0.000078,1.333303
575,2.300000,0.000117,0.000094,1.333290
576,2.304000,0.000111,0.000103,1.333315
577,2.308000,0.000086,0.000062,1.333281
578,2.312000,0.000072,0.000055,1.333289
579,2.316000,0.000042,0.000022,1.333300
580,2.320000,0.000054,0.000015,1.333271
581,2.324000,0.000024,-0.000001,1.333284
582,2.328000,0.000075,0.000048,1.333287
583,2.332000,0.000040,-0.000000,1.333284
584,2.336000,0.000062,0.000036,1.333287
585,2.340000,0.000073,0.000078,1.333293
586,2.344000,0.000075,0.000060,1.333287
587,2.348000,0.000091,0.000072,1.333289
588,2.352000,0.000104,0.000095,1.333297
589,2.356000,0.000079,0.000075,1.333302
590,2.360000,0.000095,0.000087,1.333301
591,2.364000,0.000068,0.000061,1.333292
592,2.368000,0.000083,0.000060,1.333283
593,2.372000,0.000045,0.000021,1.333283
594,2.376000,0.000091,0.000066,1.333287
595,2.380000,0.000035,0.000027,1.333284
596,2.384000,0.000064,0.000050,1.333285
597,2.388000,0.000045,0.000035,1.333291
598,2.392000,0.000069,0.000051,1.333295
599,2.396000,0.000056,0.000026,1.333293
600,2.400000,0.000054,0.000037,1.333279
601,2.404000,0.000053,0.000020,1.333289
602,2.408000,0.000071,0.000057,1.333300
603,2.412000,0.000096,0.000083,1.333288
604,2.416000,0.000076,0.000062,1.333299
605,2.420000,0.000085,0.000068,1.333303
606,2.424000,0.000098,0.000086,1.333305
607,2.428000,0.000042,0.000059,1.333304
608,2.432000,0.000097,0.000101,1.333298
609,2.436000,0.000094,0.000071,1.333295
610,2.440000,0.000065,0.000051,1.333297
611,2.444000,0.000021,0.000005,1.333270
612,2.448000,0.000066,0.000019,1.333278
613,2.452000,0.000046,0.000017,1.333284
614,2.456000,0.000065,0.000038,1.333287
615,2.460000,0.000054,0.000039,1.333276
616,2.464000,0.000066,0.000061,1.333285
617,2.468000,0.000041,0.000045,1.333299
618,2.472000,0.000077,0.000070,1.333304
619,2.476000,0.000067,0.000072,1.333297
620,2.480000,0.000055,0.000044,1.333292
621,2.484000,0.000061,0.000052,1.333293
622,2.488000,0.000093,0.000081,1.333276
623,2.492000,0.000065,0.000063,1.333268
624,2.496000,0.000057,0.000050,1.333278
625,2.500000,0.000092,0.000073,1.333287
626,2.504000,0.000064,0.000046,1.333278
627,2.508000,0.000048,0.000019,1.333298
628,2.512000,0.000037,0.000022,1.333264
629,2.516000,0.000041,0.000010,1.333279
630,2.520000,0.000047,0.000039,1.333274
631,2.524000,0.000069,0.000065,1.333274
632,2.528000,0.000069,0.000062,1.333280
633,2.532000,0.000079,0.000057,1.333286
634,2.536000,0.000070,0.000046,1.333271
635,2.540000,0.000079,0.000063,1.333266
636,2.544000,0.000033,0.000024,1.333268
637,2.548000,0.000092,0.000081,1.333291
638,2.552000,0.000055,0.000047,1.333260
639,2.556000,0.000086,0.000072,1.333273
640,2.560000,0.000064,0.000031,1.333259
641,2.564000,0.000076,0.000050,1.333263
642,2.568000,0.000037,0.000024,1.333271
643,2.572000,0.000063,0.000033,1.333270
644,2.576000,0.000050,0.000043,1.333267
645,2.580000,0.000085,0.000072,1.333287
646,2.584000,0.000050,0.000047,1.333282
647,2.588000,0.000079,0.000059,1.333267
648,2.592000,0.000055,0.000044,1.333289
649,2.596000,0.000103,0.000080,1.333256
650,2.600000,0.000107,0.000084,1.333270
651,2.604000,0.000095,0.000065,1.333273
652,2.608000,0.000095,0.000070,1.333279
653,2.612000,0.000080,0.000047,1.333272
654,2.616000,0.000065,0.000056,1.333267
655,2.620000,0.000099,0.000070,1.333268
656,2.624000,0.000070,0.000039,1.333278
657,2.628000,0.000069,0.000040,1.333275
658,2.632000,0.000057,0.000027,1.333266
659,2.636000,0.000071,0.000040,1.333282
660,2.640000,0.000083,0.000041,1.333266
661,2.644000,0.000062,0.000045,1.333272
662,2.648000,0.000069,0.000078,1.333273
663,2.652000,0.000080,0.000046,1.333274
664,2.656000,0.000083,0.000077,1.333286
665,2.660000,0.000093,0.000086,1.333284
666,2.664000,0.000101,0.000089,1.333286
667,2.668000,0.000091,0.000082,1.333276
668,2.672000,0.000090,0.000092,1.333277
669,2.676000,0.000065,0.000040,1.333273
670,2.680000,0.000075,0.000038,1.333280
671,2.684000,0.000053,0.000028,1.333268
672,2.688000,0.000064,0.000029,1.333279
673,2.692000,0.000049,0.000007,1.333283
674,2.696000,0.000062,0.000032,1.333293
675,2.700000,0.000096,0.000079,1.333293
676,2.704000,0.000091,0.000065,1.333299
677,2.708000,0.000050,0.000041,1.333288
678,2.712000,0.000092,0.000074,1.333290
679,2.716000,0.000087,0.000062,1.333289
680,2.720000,0.000101,0.000062,1.333287
681,2.724000,0.000053,0.000062,1.333288
682,2.728000,0.000079,0.000064,1.333266
683,2.732000,0.000094,0.000061,1.333283
684,2.736000,0.000109,0.000093,1.333300
685,2.740000,0.000113,0.000077,1.333269
686,2.744000,0.000103,0.000073,1.333287
687,2.748000,0.000077,0.000042,1.333284
688,2.752000,0.000062,0.000032,1.333280
689,2.756000,0.000088,0.000040,1.333264
690,2.760000,0.000058,0.000024,1.333280
691,2.764000,0.000059,0.000046,1.333272
692,2.768000,0.000083,0.000044,1.333278
693,2.772000,0.000126,0.000079,1.333296
694,2.776000,0.000116,0.000105,1.333283
695,2.780000,0.000107,0.000089,1.333282
696,2.784000,0.000125,0.000092,1.333292
697,2.788000,0.000123,0.000103,1.333302
698,2.792000,0.000088,0.000065,1.333281
699,2.796000,0.000128,0.000089,1.333295
700,2.800000,0.000076,0.000030,1.333292
701,2.804000,0.000111,0.000076,1.333284
702,2.808000,0.000072,0.000040,1.333287
703,2.812000,0.000067,0.000024,1.333298
704,2.816000,0.000100,0.000036,1.333282
705,2.820000,0.000079,0.000033,1.333301
706,2.824000,0.000091,0.000052,1.333289
707,2.828000,0.000120,0.000076,1.333300
708,2.832000,0.000097,0.000059,1.333292
709,2.836000,0.000088,0.000055,1.333279
710,2.840000,0.000139,0.000090,1.333290
711,2.844000,0.000149,0.000094,1.333296
712,2.848000,0.000115,0.000076,1.333298
713,2.852000,0.000141,0.000094,1.333309
714,2.856000,0.000109,0.000066,1.333293
715,2.860000,0.000124,0.000076,1.333321
716,2.864000,0.000119,0.000068,1.333301
717,2.868000,0.000100,0.000062,1.333292
718,2.872000,0.000103,0.000058,1.333299
719,2.876000,0.000116,0.000057,1.333289
720,2.880000,0.000088,0.000034,1.333289
721,2.884000,0.000091,0.000044,1.333299
722,2.888000,0.000074,0.000040,1.333305
723,2.892000,0.000117,0.000081,1.333299
724,2.896000,0.000110,0.000060,1.333291
725,2.900000,0.000088,0.000066,1.333298
726,2.904000,0.000127,0.000087,1.333294
727,2.908000,0.000126,0.000093,1.333284
728,2.912000,0.000123,0.000074,1.333305
729,2.916000,0.000117,0.000066,1.333293
730,2.920000,0.000119,0.000079,1.333294
731,2.924000,0.000120,0.000061,1.333284
732,2.928000,0.000108,0.000071,1.333310
733,2.932000,0.000112,0.000057,1.333282
734,2.936000,0.000097,0.000039,1.333296
735,2.940000,0.000102,0.000040,1.333288
736,2.944000,0.000074,0.000027,1.333291
737,2.948000,0.000122,0.000053,1.333299
738,2.952000,0.000084,0.000039,1.333290
739,2.956000,0.000115,0.000043,1.333288
740,2.960000,0.000075,0.000033,1.333283
741,2.964000,0.000117,0.000083,1.333292
742,2.968000,0.000123,0.000083,1.333293
743,2.972000,0.000100,0.000082,1.333305
744,2.976000,0.000141,0.000097,1.333304
745,2.980000,0.000091,0.000071,1.333280
746,2.984000,0.000117,0.000070,1.333294
747,2.988000,0.000100,0.000052,1.333294
748,2.992000,0.000125,0.000076,1.333292
749,2.996000,0.000079,0.000045,1.333292
750,3.000000,0.000078,0.000018,1.333284
751,3.004000,0.000095,0.000040,1.333277
752,3.008000,0.000102,0.000053,1.333283
753,3.012000,0.000095,0.000040,1.333300
754,3.016000,0.000102,0.000059,1.333300
755,3.020000,0.000112,0.000075,1.333296
756,3.024000,0.000117,0.000089,1.333278
757,3.028000,0.000112,0.000064,1.333291
758,3.032000,0.000107,0.000051,1.333296
759,3.036000,0.000107,0.000049,1.333290
760,3.040000,0.000086,0.000056,1.333278
761,3.044000,0.000078,0.000048,1.333289
762,3.048000,0.000068,0.000033,1.333300
763,3.052000,0.000091,0.000056,1.333293
764,3.056000,0.000126,0.000086,1.333296
765,3.060000,0.000098,0.000074,1.333299
766,3.064000,0.000091,0.000065,1.333288
767,3.068000,0.000079,0.000058,1.333286
768,3.072000,0.000076,0.000030,1.333282
769,3.076000,0.000078,0.000042,1.333274
770,3.080000,0.000063,0.000015,1.333293
771,3.084000,0.000079,0.000052,1.333270
772,3.088000,0.000098,0.000049,1.333292
773,3.092000,0.000097,0.000070,1.333288
774,3.096000,0.000114,0.000061,1.333299
775,3.100000,0.000097,0.000089,1.333310
776,3.104000,0.000115,0.000093,1.333309
777,3.108000,0.000102,0.000072,1.333285
778,3.112000,0.000115,0.000075,1.333302
779,3.116000,0.000100,0.000049,1.333296
780,3.120000,0.000108,0.000052,1.333271
781,3.124000,0.000090,0.000051,1.333292
782,3.128000,0.000073,0.000032,1.333304
783,3.132000,0.000083,0.000047,1.333294
784,3.136000,0.000125,0.000084,1.333288
785,3.140000,0.000115,0.000078,1.333289
786,3.144000,0.000123,0.000074,1.333294
787,3.148000,0.000106,0.000066,1.333294
788,3.152000,0.000095,0.000053,1.333299
789,3.156000,0.000090,0.000039,1.333286
790,3.160000,0.000094,0.000048,1.333299
791,3.164000,0.000108,0.000051,1.333297
792,3.168000,0.000055,0.000012,1.333290
793,3.172000,0.000093,0.000042,1.333295
794,3.176000,0.000094,0.000063,1.333291
795,3.180000,0.000112,0.000067,1.333311
796,3.184000,0.000113,0.000089,1.333307
797,3.188000,0.000138,0.000082,1.333308
798,3.192000,0.000121,0.000093,1.333295
799,3.196000,0.000095,0.000063,1.333299
800,3.200000,0.000100,0.000063,1.333299
801,3.204000,0.000087,0.000053,1.333293
802,3.208000,0.000086,0.000027,1.333295
803,3.212000,0.000084,0.000036,1.333294
804,3.216000,0.000069,0.000021,1.333284
805,3.220000,0.000056,0.000014,1.333283
806,3.224000,0.000084,0.000035,1.333304
807,3.228000,0.000100,0.000051,1.333304
808,3.232000,0.000111,0.000075,1.333308
809,3.236000,0.000067,0.000045,1.333291
810,3.240000,0.000119,0.000085,1.333292
811,3.244000,0.000111,0.000079,1.333294
812,3.248000,0.000111,0.000084,1.333310
813,3.252000,0.000116,0.000076,1.333298
814,3.256000,0.000111,0.000078,1.333311
815,3.260000,0.000123,0.000093,1.333304
816,3.264000,0.000111,0.000086,1.333291
817,3.268000,0.000161,0.000108,1.333297
818,3.272000,0.000092,0.000055,1.333300
819,3.276000,0.000110,0.000058,1.333306
820,3.280000,0.000089,0.000034,1.333298
821,3.284000,0.000113,0.000050,1.333304
822,3.288000,0.000109,0.000047,1.333299
823,3.292000,0.000120,0.000064,1.333301
824,3.296000,0.000102,0.000044,1.333298
825,3.300000,0.000141,0.000084,1.333315
826,3.304000,0.000093,0.000060,1.333311
827,3.308000,0.000129,0.000074,1.333290
828,3.312000,0.000100,0.000061,1.333293
829,3.316000,0.000130,0.000069,1.333290
830,3.320000,0.000118,0.000076,1.333323
831,3.324000,0.000143,0.000080,1.333310
832,3.328000,0.000144,0.000103,1.333315
833,3.332000,0.000128,0.000076,1.333310
834,3.336000,0.000132,0.000081,1.333294
835,3.340000,0.000110,0.000060,1.333313
836,3.344000,0.000123,0.000071,1.333299
837,3.348000,0.000114,0.000052,1.333297
838,3.352000,0.000090,0.000011,1.333283
839,3.356000,0.000110,0.000044,1.333287
840,3.360000,0.000099,0.000045,1.333299
841,3.364000,0.000109,0.000056,1.333307
842,3.368000,0.000147,0.000102,1.333295
843,3.372000,0.000167,0.000097,1.333318
844,3.376000,0.000139,0.000101,1.333306
845,3.380000,0.000139,0.000103,1.333298
846,3.384000,0.000141,0.000090,1.333303
847,3.388000,0.000138,0.000089,1.333304
848,3.392000,0.000128,0.000065,1.333298
849,3.396000,0.000093,0.000034,1.333300
850,3.400000,0.000081,0.000041,1.333305
851,3.404000,0.000113,0.000048,1.333294
852,3.408000,0.000117,0.000050,1.333293
853,3.412000,0.000098,0.000034,1.333299
854,3.416000,0.000112,0.000055,1.333277
855,3.420000,0.000102,0.000052,1.333297
856,3.424000,0.000123,0.000090,1.333304
857,3.428000,0.000094,0.000057,1.333287
858,3.432000,0.000109,0.000070,1.333289
859,3.436000,0.000122,0.000071,1.333291
860,3.440000,0.000106,0.000088,1.333293
861,3.444000,0.000108,0.000082,1.333305
862,3.448000,0.000091,0.000071,1.333280
863,3.452000,0.000110,0.000088,1.333307
864,3.456000,0.000109,0.000083,1.333283
865,3.460000,0.000109,0.000079,1.333312
866,3.464000,0.000105,0.000090,1.333285
867,3.468000,0.000081,0.000058,1.333300
868,3.472000,0.000096,0.000030,1.333296
869,3.476000,0.000102,0.000035,1.333291
870,3.480000,0.000056,0.000010,1.333280
871,3.484000,0.000060,0.000017,1.333292
872,3.488000,0.000102,0.000057,1.333298
873,3.492000,0.000081,0.000039,1.333292
874,3.496000,0.000100,0.000083,1.333305
875,3.500000,0.000097,0.000077,1.333301
876,3.504000,0.000101,0.000103,1.333296
877,3.508000,0.000101,0.000091,1.333299
878,3.512000,0.000106,0.000070,1.333301
879,3.516000,0.000100,0.000068,1.333315
880,3.520000,0.000071,0.000038,1.333286
881,3.524000,0.000099,0.000059,1.333299
882,3.528000,0.000061,0.000016,1.333281
883,3.532000,0.000074,0.000029,1.333290
884,3.536000,0.000066,0.000035,1.333285
885,3.540000,0.000065,0.000036,1.333301
886,3.544000,0.000117,0.000076,1.333290
887,3.548000,0.000110,0.000086,1.333302
888,3.552000,0.000070,0.000050,1.333293
889,3.556000,0.000097,0.000080,1.333296
890,3.560000,0.000067,0.000050,1.333284
891,3.564000,0.000078,0.000047,1.333280
892,3.568000,0.000074,0.000030,1.333283
893,3.572000,0.000104,0.000081,1.333300
894,3.576000,0.000101,0.000059,1.333288
895,3.580000,0.000102,0.000078,1.333291
896,3.584000,0.000105,0.000089,1.333306
897,3.588000,0.000092,0.000064,1.333292
898,3.592000,0.000073,0.000031,1.333302
899,3.596000,0.000102,0.000066,1.333286
900,3.600000,0.000069,0.000025,1.333308
901,3.604000,0.000067,0.000040,1.333288
902,3.608000,0.000060,0.000024,1.333279
903,3.612000,0.000066,0.000026,1.333307
904,3.616000,0.000092,0.000077,1.333290
905,3.620000,0.000068,0.000053,1.333287
906,3.624000,0.000086,0.000060,1.333300
907,3.628000,0.000103,0.000103,1.333298
908,3.632000,0.000102,0.000087,1.333301
909,3.636000,0.000122,0.000090,1.333319
910,3.640000,0.000083,0.000076,1.333300
911,3.644000,0.000068,0.000053,1.333297
912,3.648000,0.000079,0.000032,1.333286
913,3.652000,0.000094,0.000062,1.333311
914,3.656000,0.000082,0.000040,1.333295
915,3.660000,0.000118,0.000081,1.333297
916,3.664000,0.000086,0.000037,1.333299
917,3.668000,0.000094,0.000043,1.333299
918,3.672000,0.000101,0.000072,1.333317
919,3.676000,0.000065,0.000045,1.333297
920,3.680000,0.000058,0.000036,1.333306
921,3.684000,0.000111,0.000070,1.333305
922,3.688000,0.000100,0.000074,1.333304
923,3.692000,0.000089,0.000081,1.333310
924,3.696000,0.000099,0.000093,1.333298
925,3.700000,0.000115,0.000092,1.333294
926,3.704000,0.000100,0.000085,1.333309
927,3.708000,0.000096,0.000062,1.333303
928,3.712000,0.000077,0.000053,1.333305
929,3.716000,0.000108,0.000066,1.333293
930,3.720000,0.000089,0.000043,1.333295
931,3.724000,0.000095,0.000051,1.333301
932,3.728000,0.000077,0.000043,1.333291
933,3.732000,0.000099,0.000049,1.333305
934,3.736000,0.000080,0.000059,1.333295
935,3.740000,0.000069,0.000039,1.333299
936,3.744000,0.000103,0.000071,1.333312
937,3.748000,0.000102,0.000088,1.333302
938,3.752000,0.000104,0.000087,1.333314
939,3.756000,0.000103,0.000084,1.333315
940,3.760000,0.000082,0.000049,1.333302
941,3.764000,0.000100,0.000073,1.333306
942,3.768000,0.000075,0.000050,1.333296
943,3.772000,0.000070,0.000043,1.333286
944,3.776000,0.000079,0.000068,1.333310
945,3.780000,0.000060,0.000033,1.333291
946,3.784000,0.000064,0.000044,1.333295
947,3.788000,0.000052,0.000038,1.333289
948,3.792000,0.000074,0.000051,1.333285
949,3.796000,0.000060,0.000029,1.333293
950,3.800000,0.000082,0.000037,1.333292
951,3.804000,0.000058,0.000042,1.333295
952,3.808000,0.000097,0.000072,1.333289
953,3.812000,0.000088,0.000065,1.333287
954,3.816000,0.000054,0.000054,1.333312
955,3.820000,0.000078,0.000068,1.333295
956,3.824000,0.000103,0.000087,1.333304
957,3.828000,0.000102,0.000091,1.333296
958,3.832000,0.000118,0.000113,1.333305
959,3.836000,0.000101,0.000066,1.333290
960,3.840000,0.000060,0.000040,1.333300
961,3.844000,0.000057,0.000039,1.333284
962,3.848000,0.000053,0.000010,1.333284
963,3.852000,0.000071,0.000024,1.333273
964,3.856000,0.000071,0.000017,1.333279
965,3.860000,0.000081,0.000073,1.333293
966,3.864000,0.000119,0.000079,1.333299
967,3.868000,0.000103,0.000079,1.333304
968,3.872000,0.000098,0.000076,1.333306
969,3.876000,0.000119,0.000092,1.333293
970,3.880000,0.000095,0.000080,1.333296
971,3.884000,0.000111,0.000081,1.333291
972,3.888000,0.000106,0.000093,1.333297
973,3.892000,0.000119,0.000098,1.333291
974,3.896000,0.000080,0.000064,1.333294
975,3.900000,0.000096,0.000068,1.333292
976,3.904000,0.000109,0.000072,1.333291
977,3.908000,0.000078,0.000040,1.333295
978,3.912000,0.000088,0.000063,1.333282
979,3.916000,0.000091,0.000053,1.333287
980,3.920000,0.000069,0.000027,1.333294
981,3.924000,0.000088,0.000045,1.333295
982,3.928000,0.000086,0.000048,1.333297
983,3.932000,0.000075,0.000060,1.333280
984,3.936000,0.000098,0.000082,1.333297
985,3.940000,0.000083,0.000054,1.333300
986,3.944000,0.000119,0.000106,1.333312
987,3.948000,0.000117,0.000111,1.333292
988,3.952000,0.000110,0.000080,1.333304
989,3.956000,0.000107,0.000084,1.333289
990,3.960000,0.000107,0.000064,1.333285
991,3.964000,0.000065,0.000026,1.333284
992,3.968000,0.000072,0.000031,1.333287
993,3.972000,0.000069,0.000027,1.333296
994,3.976000,0.000082,0.000044,1.333283
995,3.980000,0.000050,0.000025,1.333272
996,3.984000,0.000076,0.000037,1.333288
997,3.988000,0.000127,0.000090,1.333302
998,3.992000,0.000104,0.000080,1.333288
999,3.996000,0.000081,0.000083,1.333291
1000,4.000000,0.000073,0.000062,1.333282
1001,4.004000,0.000111,0.000075,1.333287
1002,4.008000,0.000126,0.000092,1.333298
1003,4.012000,0.000098,0.000063,1.333276
1004,4.016000,0.000128,0.000101,1.333294
1005,4.020000,0.000078,0.000047,1.333282
1006,4.024000,0.000114,0.000088,1.333302
1007,4.028000,0.000108,0.000092,1.333291
1008,4.032000,0.000095,0.000070,1.333285
1009,4.036000,0.000108,0.000086,1.333289
1010,4.040000,0.000079,0.000051,1.333282
1011,4.044000,0.000049,0.000023,1.333266
1012,4.048000,0.000088,0.000050,1.333301
1013,4.052000,0.000083,0.000048,1.333285
1014,4.056000,0.000085,0.000045,1.333292
1015,4.060000,0.000080,0.000051,1.333299
1016,4.064000,0.000107,0.000074,1.333287
1017,4.068000,0.000090,0.000070,1.333281
1018,4.072000,0.000126,0.000094,1.333295
1019,4.076000,0.000102,0.000074,1.333304
1020,4.080000,0.000083,0.000077,1.333290
1021,4.084000,0.000095,0.000072,1.333298
1022,4.088000,0.000117,0.000078,1.333286
1023,4.092000,0.000114,0.000077,1.333300
1024,4.096000,0.000061,0.000019,1.333296
1025,4.100000,0.000095,0.000067,1.333296
1026,4.104000,0.000098,0.000057,1.333302
1027,4.108000,0.000112,0.000065,1.333276
1028,4.112000,0.000079,0.000052,1.333281
1029,4.116000,0.000072,0.000037,1.333280
